"";"id";"ali_length";"avg_quality";"best_identity:chlo02.uniq.by_taxid.clean.uid";"best_match:chlo02.uniq.by_taxid.clean.uid";"count";"direction";"experiment";"family";"family_name";"forward_match";"forward_primer";"forward_score";"forward_tag";"genus";"genus_name";"goodAli";"head_quality";"id_status:chlo02.uniq.by_taxid.clean.uid";"match_count:chlo02.uniq.by_taxid.clean.uid";"mid_quality";"mode";"obiclean_head";"obiclean_headcount";"obiclean_internalcount";"obiclean_samplecount";"obiclean_singletoncount";"order";"order_name";"position";"rank";"rank_by_db:chlo02.uniq.by_taxid.clean.uid";"reverse_match";"reverse_primer";"reverse_score";"reverse_tag";"scientific_name";"scientific_name_by_db:chlo02.uniq.by_taxid.clean.uid";"score";"score_norm";"seq_a_deletion";"seq_a_insertion";"seq_a_mismatch";"seq_a_single";"seq_ab_match";"seq_b_deletion";"seq_b_insertion";"seq_b_mismatch";"seq_b_single";"seq_length";"seq_length_ori";"species";"species_list:chlo02.uniq.by_taxid.clean.uid";"species_name";"start";"status";"tail_quality";"taxid";"taxid_by_db:chlo02.uniq.by_taxid.clean.uid";"sequence";"taxo_group";"class"
"HISEQ:290:CCU08ANXX:1:1208:12152:42784_CONS_SUB_SUB";"HISEQ:290:CCU08ANXX:1:1208:12152:42784_CONS_SUB_SUB";NA;NA;0,967391304348;"DQ396875";35;NA;NA;3086;"Scenedesmaceae";NA;"rcttagtcccggccatt";NA;NA;NA;NA;"Alignement";NA;"True";2;NA;"alignment";"True";1;2;7;4;35491;"Sphaeropleales";NA;"family";"family";NA;"ctaagtggwaaaggatgtg";NA;NA;"Scenedesmaceae";"Scenedesmaceae";NA;NA;0;0;NA;NA;NA;0;0;NA;NA;91;NA;NA;"['Hariotina sp. MMOGRB0030F']";NA;"gtcgg";"full";NA;3086;3086;"gtcggcgcaagaacgctttaccagtgagctattacgcactctttcaaggattgctgcttctaagcgaacctcctggttgtttaagcattct";"Chlorophyceae";"Chlorophyceae"
"HISEQ:290:CCU08ANXX:1:1101:6513:2094_CONS_SUB_SUB_CMP";"HISEQ:290:CCU08ANXX:1:1101:6513:2094_CONS_SUB_SUB_CMP";NA;NA;1;"JQ039089";3344885;NA;NA;3043;"Dunaliellaceae";NA;"rcttagtcccggccatt";NA;NA;3044;"Dunaliella";"Alignement";NA;"True";1;NA;"alignment";"True";92;0;303;211;3042;"Chlamydomonadales";NA;"genus";"genus";NA;"ctaagtggwaaaggatgtg";NA;NA;"Dunaliella";"Dunaliella";NA;NA;NA;NA;NA;NA;NA;NA;NA;NA;NA;93;NA;NA;"[]";NA;"atcgg";"full";NA;3044;3044;"atcggcgcaagaacgctttaccagtgagctattacgcactctttcaaggaaattgctgcttctaagcaaacctcctggttgtttctgcactct";"Chlorophyceae";"Chlorophyceae"
"HISEQ:290:CCU08ANXX:1:1101:11830:15642_CONS_SUB_SUB_CMP";"HISEQ:290:CCU08ANXX:1:1101:11830:15642_CONS_SUB_SUB_CMP";NA;NA;0,967741935484;"JQ039089";4691;NA;NA;3043;"Dunaliellaceae";NA;"rcttagtcccggccatt";NA;NA;3044;"Dunaliella";"Alignement";NA;"True";1;NA;"alignment";"True";71;0;74;3;3042;"Chlamydomonadales";NA;"genus";"genus";NA;"ctaagtggwaaaggatgtg";NA;NA;"Dunaliella";"Dunaliella";NA;NA;NA;NA;NA;NA;NA;0;NA;NA;NA;93;NA;NA;"[]";NA;"ttcgg";"full";NA;3044;3044;"ttcggcgcaacatcgctttaccagtgagctattacgcactctttcaaggaaattgctgcttctaagcaaacctcctggttgtttctgcactct";"Chlorophyceae";"Chlorophyceae"
"HISEQ:290:CCU08ANXX:1:1101:17719:2467_CONS_SUB_SUB";"HISEQ:290:CCU08ANXX:1:1101:17719:2467_CONS_SUB_SUB";NA;NA;1;"KT199251";27637;NA;NA;1656248;"Chromochloridaceae";NA;"rcttagtcccggccatt";NA;NA;1399958;"Chromochloris";"Alignement";NA;"True";1;NA;"alignment";"True";31;0;42;11;35491;"Sphaeropleales";NA;"species";"species";NA;"ctaagtggwaaaggatgtg";NA;NA;"Chromochloris zofingiensis";"Chromochloris zofingiensis";NA;NA;NA;NA;NA;NA;NA;NA;NA;NA;NA;94;NA;31302;"['Chromochloris zofingiensis']";"Chromochloris zofingiensis";"atcgg";"full";NA;31302;31302;"atcggcgcaagaacgctttaccagtgagctattacgcactctttaaaggcagattgctgcttctaagcaaacctcctggttgtttcagcattct";"Chlorophyceae";"Chlorophyceae"
"HISEQ:290:CCU08ANXX:1:1101:3301:41043_CONS_SUB_SUB_CMP";"HISEQ:290:CCU08ANXX:1:1101:3301:41043_CONS_SUB_SUB_CMP";NA;NA;0,978494623656;"JQ039089";870;NA;NA;3043;"Dunaliellaceae";NA;"rcttagtcccggccatt";NA;NA;3044;"Dunaliella";"Alignement";NA;"True";1;NA;"alignment";"True";18;39;69;12;3042;"Chlamydomonadales";NA;"genus";"genus";NA;"ctaagtggwaaaggatgtg";NA;NA;"Dunaliella";"Dunaliella";NA;NA;0;0;NA;NA;NA;0;NA;NA;NA;93;NA;NA;"[]";NA;"atcgg";"full";NA;3044;3044;"atcggcgcaacatcgctttaccagtgagctattacgcactctttcaaggaaattgctgcttctaagcaaacctcctggttgtttctgcactct";"Chlorophyceae";"Chlorophyceae"
"HISEQ:290:CCU08ANXX:1:1201:20337:83677_CONS_SUB_SUB_CMP";"HISEQ:290:CCU08ANXX:1:1201:20337:83677_CONS_SUB_SUB_CMP";NA;NA;0,967391304348;"DQ396875";16;NA;NA;3086;"Scenedesmaceae";NA;"rcttagtcccggccatt";68;NA;NA;NA;"Alignement";NA;"True";2;NA;"alignment";"True";1;4;6;1;35491;"Sphaeropleales";NA;"family";"family";NA;"ctaagtggwaaaggatgtg";76;NA;"Scenedesmaceae";"Scenedesmaceae";NA;NA;0;0;NA;NA;NA;0;0;NA;NA;91;NA;NA;"['Hariotina sp. MMOGRB0030F']";NA;"gtcgg";"full";NA;3086;3086;"gtcggcgcaagaacgctttaccagtgagctattacgcactctttcaaggattgctgcttctaagcgaacctcctggttgtttctgcattct";"Chlorophyceae";"Chlorophyceae"
"HISEQ:290:CCU08ANXX:1:1101:3051:12626_CONS_SUB_SUB";"HISEQ:290:CCU08ANXX:1:1101:3051:12626_CONS_SUB_SUB";NA;NA;0,967391304348;"DQ396875";3950;NA;NA;3086;"Scenedesmaceae";NA;"rcttagtcccggccatt";NA;NA;NA;NA;"Alignement";NA;"True";2;NA;"alignment";"True";17;0;23;6;35491;"Sphaeropleales";NA;"family";"family";NA;"ctaagtggwaaaggatgtg";NA;NA;"Scenedesmaceae";"Scenedesmaceae";NA;NA;NA;NA;NA;NA;NA;0;0;NA;NA;91;NA;NA;"['Hariotina sp. MMOGRB0030F']";NA;"gtcgg";"full";NA;3086;3086;"gtcggcgcaagaacgctttaccagtgagctattacgcactctttcaagaattgctgcttctaagcgaatctcctggttgtttcagcattct";"Chlorophyceae";"Chlorophyceae"
"HISEQ:290:CCU08ANXX:1:2308:13942:93194_CONS_SUB_SUB_CMP";"HISEQ:290:CCU08ANXX:1:2308:13942:93194_CONS_SUB_SUB_CMP";NA;NA;0,967391304348;"DQ396875";10;NA;NA;3086;"Scenedesmaceae";NA;"rcttagtcccggccatt";68;NA;NA;NA;"Alignement";NA;"True";2;NA;"alignment";"True";1;0;3;2;35491;"Sphaeropleales";NA;"family";"family";NA;"ctaagtggwaaaggatgtg";NA;NA;"Scenedesmaceae";"Scenedesmaceae";NA;NA;0;0;NA;NA;NA;0;0;0;NA;92;NA;NA;"['Hariotina sp. MMOGRB0030F']";NA;"gtcgg";"full";NA;3086;3086;"gtcggcgcaagaacgctttaccagtgagctattacgcactctttcaaggaattgctgcttctaagcgaacctcctggttgtttctgcatttt";"Chlorophyceae";"Chlorophyceae"
"HISEQ:290:CCU08ANXX:1:1101:20062:4228_CONS_SUB_SUB_CMP";"HISEQ:290:CCU08ANXX:1:1101:20062:4228_CONS_SUB_SUB_CMP";NA;NA;0,967032967033;"MH590838";14172;NA;NA;3051;"Chlamydomonadaceae";NA;"rcttagtcccggccatt";NA;NA;3052;"Chlamydomonas";"Alignement";NA;"True";1;NA;"alignment";"True";71;0;74;3;3042;"Chlamydomonadales";NA;"species";"species";NA;"ctaagtggwaaaggatgtg";NA;NA;"Chlamydomonas sp. UWO 241";"Chlamydomonas sp. UWO 241";NA;NA;NA;NA;NA;NA;NA;NA;0;NA;NA;91;NA;1653778;"['Chlamydomonas sp. UWO 241']";"Chlamydomonas sp. UWO 241";"atcgg";"full";NA;1653778;1653778;"atcggcgcaagaacgctttaccagtgagctattacgcactctttcaagggtagctgcttctaagcgaacctcctggttgtttcagcaatat";"Chlorophyceae";"Chlorophyceae"
"HISEQ:290:CCU08ANXX:1:1103:9317:31535_CONS_SUB_SUB_CMP";"HISEQ:290:CCU08ANXX:1:1103:9317:31535_CONS_SUB_SUB_CMP";NA;NA;1;"GQ921929";125;NA;"Chlo01_Orchamp";3051;"Chlamydomonadaceae";NA;"rcttagtcccggccatt";NA;NA;NA;NA;"Alignement";NA;"True";1;NA;"alignment";"True";4;3;8;1;3042;"Chlamydomonadales";NA;"family";"family";NA;"ctaagtggwaaaggatgtg";NA;NA;"Chlamydomonadaceae";"Chlamydomonadaceae";NA;NA;0;0;0;NA;NA;0;0;NA;NA;91;NA;NA;"[]";NA;"gtcgg";"full";NA;3051;3051;"gtcggcgcaggaacgctttaccagtgagctattacgcactctttgaagggtggctgcttctaagcaaacctcctggttgtttcagcattcc";"Chlorophyceae";"Chlorophyceae"
"HISEQ:290:CCU08ANXX:1:1101:12246:43812_CONS_SUB_SUB_CMP";"HISEQ:290:CCU08ANXX:1:1101:12246:43812_CONS_SUB_SUB_CMP";NA;NA;0,956989247312;"JQ039089";5058;NA;NA;3043;"Dunaliellaceae";NA;"rcttagtcccggccatt";NA;NA;3044;"Dunaliella";"Alignement";NA;"True";1;NA;"alignment";"True";64;3;71;4;3042;"Chlamydomonadales";NA;"genus";"genus";NA;"ctaagtggwaaaggatgtg";NA;NA;"Dunaliella";"Dunaliella";NA;NA;0;NA;NA;NA;NA;0;0;NA;NA;93;NA;NA;"[]";NA;"atcgg";"full";NA;3044;3044;"atcggcgcaagaacgctttaccagtgagctattacgcactctttcaaggaaattgctgcttctaagcgaacctcctggttgtttcagcaatat";"Chlorophyceae";"Chlorophyceae"
"HISEQ:290:CCU08ANXX:1:1105:12345:89006_CONS_SUB_SUB_CMP";"HISEQ:290:CCU08ANXX:1:1105:12345:89006_CONS_SUB_SUB_CMP";NA;NA;0,978260869565;"DQ396875";471;NA;NA;3086;"Scenedesmaceae";NA;"rcttagtcccggccatt";NA;NA;NA;NA;"Alignement";NA;"True";2;NA;"alignment";"True";1;55;65;9;35491;"Sphaeropleales";NA;"family";"family";NA;"ctaagtggwaaaggatgtg";NA;NA;"Scenedesmaceae";"Scenedesmaceae";NA;NA;NA;0;NA;NA;NA;NA;0;NA;NA;92;NA;NA;"['Hariotina sp. MMOGRB0030F']";NA;"atcgg";"full";NA;3086;3086;"atcggcgcaagaacgctttaccagtgagctattacgcactctttcaaggaattgctgcttctaagcgaacctcctggttgtttcagcattct";"Chlorophyceae";"Chlorophyceae"
"HISEQ:290:CCU08ANXX:1:1103:9204:36229_CONS_SUB_SUB_CMP";"HISEQ:290:CCU08ANXX:1:1103:9204:36229_CONS_SUB_SUB_CMP";NA;NA;0,967391304348;"KX131180";497;NA;"Chlo01_Orchamp";3086;"Scenedesmaceae";NA;"rcttagtcccggccatt";NA;NA;NA;NA;"Alignement";NA;"True";2;NA;"alignment";"True";5;0;7;2;35491;"Sphaeropleales";NA;"family";"family";NA;"ctaagtggwaaaggatgtg";NA;NA;"Scenedesmaceae";"Scenedesmaceae";NA;NA;0;0;NA;NA;NA;0;0;NA;NA;91;NA;NA;"['Hariotina sp. MMOGRB0030F']";NA;"gtcgg";"full";NA;3086;3086;"gtcggcgcaagaacgctttaccagtgagctattacgcactctttcaaggatagctgcttctaagcaaacctcctggttgtttcagcatctt";"Chlorophyceae";"Chlorophyceae"
"HISEQ:290:CCU08ANXX:1:1214:6559:19964_CONS_SUB_SUB";"HISEQ:290:CCU08ANXX:1:1214:6559:19964_CONS_SUB_SUB";NA;NA;0,968085106383;"KT199251";218;NA;"Chlo01_Orchamp";NA;NA;NA;"rcttagtcccggccatt";NA;NA;NA;NA;"Alignement";NA;"True";2;NA;"alignment";"True";8;0;22;14;35491;"Sphaeropleales";NA;"order";"order";NA;"ctaagtggwaaaggatgtg";NA;NA;"Sphaeropleales";"Sphaeropleales";NA;NA;0;0;NA;NA;NA;0;0;NA;NA;94;NA;NA;"['Kirchneriella aperta', 'Chromochloris zofingiensis']";NA;"ttcgg";"full";NA;35491;35491;"ttcggcgcaacaacgctctaccagtgagctattacgcactctttaaaggcagattgctgcttctaagcaaacctcctggttgtttcagcattct";"Chlorophyceae";"Chlorophyceae"
"HISEQ:290:CCU08ANXX:1:1101:17562:16441_CONS_SUB_SUB";"HISEQ:290:CCU08ANXX:1:1101:17562:16441_CONS_SUB_SUB";NA;NA;1;"KT199256";12513;NA;NA;1656243;"Pseudomuriellaceae";NA;"rcttagtcccggccatt";NA;NA;42695;"Pseudomuriella";"Alignement";NA;"True";1;NA;"alignment";"True";36;55;99;8;35491;"Sphaeropleales";NA;"species";"species";NA;"ctaagtggwaaaggatgtg";NA;NA;"Pseudomuriella schumacherensis";"Pseudomuriella schumacherensis";NA;NA;NA;NA;NA;NA;NA;NA;0;NA;NA;91;NA;889459;"['Pseudomuriella schumacherensis']";"Pseudomuriella schumacherensis";"gtcgg";"full";NA;889459;889459;"gtcggcgcaagaacgctttaccagtgagctattacgcactctttaaagggtggctgcttctaagcaaacctcctggttgtttcagcattct";"Chlorophyceae";"Chlorophyceae"
"HISEQ:290:CCU08ANXX:1:1305:8600:52726_CONS_SUB_SUB_CMP";"HISEQ:290:CCU08ANXX:1:1305:8600:52726_CONS_SUB_SUB_CMP";NA;NA;0,956989247312;"JQ039089";121;NA;"Chlo01_Orchamp";3043;"Dunaliellaceae";NA;"rcttagtcccggccatt";NA;NA;3044;"Dunaliella";"Alignement";NA;"True";1;NA;"alignment";"True";1;1;2;0;3042;"Chlamydomonadales";NA;"genus";"genus";NA;"ctaagtggwaaaggatgtg";NA;NA;"Dunaliella";"Dunaliella";NA;NA;0;0;NA;NA;NA;0;0;NA;NA;93;NA;NA;"[]";NA;"gtcgg";"full";NA;3044;3044;"gtcggcgcaagaacgctttaccagtgagctattacgcactctttcaaggaaattgctgcttctaagcaaacctcctggttgtttttgcatttt";"Chlorophyceae";"Chlorophyceae"
"HISEQ:290:CCU08ANXX:1:1101:17498:17025_CONS_SUB_SUB";"HISEQ:290:CCU08ANXX:1:1101:17498:17025_CONS_SUB_SUB";NA;NA;0,967741935484;"JQ039089";14060;NA;NA;3043;"Dunaliellaceae";NA;"rcttagtcccggccatt";NA;NA;3044;"Dunaliella";"Alignement";NA;"True";1;NA;"alignment";"True";29;0;38;9;3042;"Chlamydomonadales";NA;"genus";"genus";NA;"ctaagtggwaaaggatgtg";NA;NA;"Dunaliella";"Dunaliella";NA;NA;0;0;NA;NA;NA;0;0;NA;NA;93;NA;NA;"[]";NA;"gtcgg";"full";NA;3044;3044;"gtcggcgcaagaacgctttaccagtgagctattacgcactctttcaaggaaattgctgcttctaagcaaacctcctggttgtttctgcatttt";"Chlorophyceae";"Chlorophyceae"
"HISEQ:290:CCU08ANXX:1:1201:6757:81172_CONS_SUB_SUB_CMP";"HISEQ:290:CCU08ANXX:1:1201:6757:81172_CONS_SUB_SUB_CMP";NA;NA;0,967032967033;"L44123";432;NA;NA;3090;"Chlorococcaceae";NA;"rcttagtcccggccatt";NA;NA;44649;"Chlorococcum";"Alignement";NA;"True";1;NA;"alignment";"True";6;0;21;15;3042;"Chlamydomonadales";NA;"species";"species";NA;"ctaagtggwaaaggatgtg";NA;NA;"Chlorococcum echinozygotum";"Chlorococcum echinozygotum";NA;NA;0;0;NA;NA;NA;0;0;NA;NA;91;NA;48000;"['Chlorococcum echinozygotum']";"Chlorococcum echinozygotum";"ttcgg";"full";NA;48000;48000;"ttcggcgcaacaacgctttaccagtgagctattacgcactctttcaatagtagctgcttctaggcgaacatcctggttgttttagcatcat";"Chlorophyceae";"Chlorophyceae"
"HISEQ:290:CCU08ANXX:1:1204:4127:48258_CONS_SUB_SUB_CMP";"HISEQ:290:CCU08ANXX:1:1204:4127:48258_CONS_SUB_SUB_CMP";NA;NA;0,978723404255;"KT199251";43;NA;"Chlo01_Orchamp";NA;NA;NA;"rcttagtcccggccatt";68;NA;NA;NA;"Alignement";NA;"True";2;NA;"alignment";"True";2;3;11;6;35491;"Sphaeropleales";NA;"order";"order";NA;"ctaagtggwaaaggatgtg";76;NA;"Sphaeropleales";"Sphaeropleales";NA;NA;0;0;NA;NA;NA;0;0;NA;NA;94;NA;NA;"['Kirchneriella aperta', 'Chromochloris zofingiensis']";NA;"atcgg";"full";NA;35491;35491;"atcggcgcaagaacgctttaccagtgagctattacgcactctttaaaggcagattgctgcttctaagcaaacttcctggttgtttctgcattct";"Chlorophyceae";"Chlorophyceae"
"HISEQ:290:CCU08ANXX:1:1102:17883:26392_CONS_SUB_SUB";"HISEQ:290:CCU08ANXX:1:1102:17883:26392_CONS_SUB_SUB";NA;NA;0,978494623656;"JQ039089";4812;NA;NA;3043;"Dunaliellaceae";NA;"rcttagtcccggccatt";NA;NA;3044;"Dunaliella";"Alignement";NA;"True";1;NA;"alignment";"True";71;0;72;1;3042;"Chlamydomonadales";NA;"genus";"genus";NA;"ctaagtggwaaaggatgtg";NA;NA;"Dunaliella";"Dunaliella";NA;NA;NA;NA;NA;NA;NA;NA;NA;NA;NA;91;NA;NA;"[]";NA;"cggcg";"full";NA;3044;3044;"cggcgcaagaacgctttaccagtgagctattacgcactctttcaaggaaattgctgcttctaagcaaacctcctggttgtttctgcactct";"Chlorophyceae";"Chlorophyceae"
"HISEQ:290:CCU08ANXX:1:1310:7282:100485_CONS_SUB_SUB";"HISEQ:290:CCU08ANXX:1:1310:7282:100485_CONS_SUB_SUB";NA;NA;0,95652173913;"MF276985";15;NA;"Chlo01_Orchamp";3103;"Hydrodictyaceae";NA;"rcttagtcccggccatt";68;NA;NA;NA;"Alignement";NA;"True";3;NA;"alignment";"True";1;3;7;3;35491;"Sphaeropleales";NA;"family";"family";NA;"ctaagtggwaaaggatgtg";76;NA;"Hydrodictyaceae";"Hydrodictyaceae";NA;NA;0;0;NA;NA;NA;0;0;NA;NA;91;NA;NA;"['Pediastrum duplex', 'Pseudopediastrum sp. CL0201VA']";NA;"gtcgg";"full";NA;3103;3103;"gtcggcgcaagaacgctttaccagtgagctattacgcactctttaaaagttggctgcttctaagcaaacttcctggttgtttcagcattgt";"Chlorophyceae";"Chlorophyceae"
"HISEQ:290:CCU08ANXX:1:1102:15459:58847_CONS_SUB_SUB";"HISEQ:290:CCU08ANXX:1:1102:15459:58847_CONS_SUB_SUB";NA;NA;0,978021978022;"Z15152";577;NA;"Chlo01_Orchamp";3051;"Chlamydomonadaceae";NA;"rcttagtcccggccatt";NA;"agactatg";3052;"Chlamydomonas";"Alignement";NA;"True";1;NA;"alignment";"True";1;0;1;0;3042;"Chlamydomonadales";"06_06E";"species";"species";NA;"ctaagtggwaaaggatgtg";NA;"atgatcgc";"Chlamydomonas pitschmannii";"Chlamydomonas pitschmannii";NA;NA;0;0;NA;NA;NA;0;0;NA;NA;91;NA;3061;"['Chlamydomonas pitschmannii']";"Chlamydomonas pitschmannii";"ttcgg";"full";NA;3061;3061;"ttcggcgcaacaacgctttaccagtgagctattacgcactctttcaagggtggctgcttctaagcaaaccttctggttgttttagcatcat";"Chlorophyceae";"Chlorophyceae"
"HISEQ:290:CCU08ANXX:1:1115:6944:8380_CONS_SUB_SUB";"HISEQ:290:CCU08ANXX:1:1115:6944:8380_CONS_SUB_SUB";NA;NA;1;"KT625413";119;NA;NA;NA;NA;NA;"rcttagtcccggccatt";NA;NA;1072081;"Jenufa";"Alignement";NA;"True";1;NA;"alignment";"True";2;0;3;1;NA;NA;NA;"species";"species";NA;"ctaagtggwaaaggatgtg";NA;NA;"Jenufa perforata";"Jenufa perforata";NA;NA;0;0;NA;NA;NA;0;0;NA;NA;92;NA;993091;"['Jenufa perforata']";"Jenufa perforata";"atcgg";"full";NA;993091;993091;"atcggcgcaacaacgcttgaccagtgagctattacgcactctttaaaggagttgctgcttctaagcaaacctcctggttgtttccgcattct";"Chlorophyceae";"Chlorophyceae"
"HISEQ:290:CCU08ANXX:1:1103:1076:71116_CONS_SUB_SUB";"HISEQ:290:CCU08ANXX:1:1103:1076:71116_CONS_SUB_SUB";NA;NA;1;"KM462875";393;NA;NA;NA;NA;NA;"rcttagtcccggccatt";NA;NA;163097;"Chlorosarcina";"Alignement";NA;"True";1;NA;"alignment";"True";5;0;16;11;138177;"Chlorosarcinales";NA;"species";"species";NA;"ctaagtggwaaaggatgtg";NA;NA;"Chlorosarcina brevispinosa";"Chlorosarcina brevispinosa";NA;NA;0;0;NA;NA;NA;0;0;NA;NA;91;NA;163096;"['Chlorosarcina brevispinosa']";"Chlorosarcina brevispinosa";"ttcgg";"full";NA;163096;163096;"ttcggcgcaagaacgctccaccagtgagctattacgcactctttaaagggttgctgcttctaagcaaacctcctggttgtttctgcattct";"Chlorophyceae";"Chlorophyceae"
"HISEQ:290:CCU08ANXX:1:1105:7318:63685_CONS_SUB_SUB";"HISEQ:290:CCU08ANXX:1:1105:7318:63685_CONS_SUB_SUB";NA;NA;0,978021978022;"Z15152";80;NA;"Chlo01_Orchamp";3051;"Chlamydomonadaceae";NA;"rcttagtcccggccatt";NA;NA;3052;"Chlamydomonas";"Alignement";NA;"True";1;NA;"alignment";"True";3;3;13;7;3042;"Chlamydomonadales";NA;"species";"species";NA;"ctaagtggwaaaggatgtg";NA;NA;"Chlamydomonas pitschmannii";"Chlamydomonas pitschmannii";NA;NA;0;0;NA;NA;NA;0;0;NA;NA;91;NA;3061;"['Chlamydomonas pitschmannii']";"Chlamydomonas pitschmannii";"ttcgg";"full";NA;3061;3061;"ttcggcgcaacaacgctctaccagtgagctattacgcactctttcaagggtggctgcttctaagcaaacctcctggttgttttagcatcat";"Chlorophyceae";"Chlorophyceae"
"HISEQ:290:CCU08ANXX:1:1101:3280:2417_CONS_SUB_SUB";"HISEQ:290:CCU08ANXX:1:1101:3280:2417_CONS_SUB_SUB";NA;NA;0,989010989011;"MH590838";181298;NA;NA;3051;"Chlamydomonadaceae";NA;"rcttagtcccggccatt";NA;NA;3052;"Chlamydomonas";"Alignement";NA;"True";1;NA;"alignment";"True";71;0;87;16;3042;"Chlamydomonadales";NA;"species";"species";NA;"ctaagtggwaaaggatgtg";NA;NA;"Chlamydomonas sp. UWO 241";"Chlamydomonas sp. UWO 241";NA;NA;NA;NA;NA;NA;NA;NA;NA;NA;NA;91;NA;1653778;"['Chlamydomonas sp. UWO 241']";"Chlamydomonas sp. UWO 241";"ttcgg";"full";NA;1653778;1653778;"ttcggcgcaacatcgctttaccagtgagctattacgcactctttcaagggtagctgcttctaagcgaacctcctggttgtttcagcaatat";"Chlorophyceae";"Chlorophyceae"
"HISEQ:290:CCU08ANXX:1:2102:3299:78823_CONS_SUB_SUB_CMP";"HISEQ:290:CCU08ANXX:1:2102:3299:78823_CONS_SUB_SUB_CMP";NA;NA;0,967391304348;"MF276985";72;NA;"Chlo01_Orchamp";3103;"Hydrodictyaceae";NA;"rcttagtcccggccatt";NA;"actctgct";NA;NA;"Alignement";NA;"True";2;NA;"alignment";"True";1;0;1;0;35491;"Sphaeropleales";"08_09C";"family";"family";NA;"ctaagtggwaaaggatgtg";NA;"atcagtca";"Hydrodictyaceae";"Hydrodictyaceae";NA;NA;0;0;NA;NA;NA;0;0;NA;NA;92;NA;NA;"['Pediastrum duplex', 'Pseudopediastrum sp. CL0201VA']";NA;"gtcgg";"full";NA;3103;3103;"gtcggcgcaagaacgctttaccagtgagctattacgcactctttaaaagagttgctgcttctaagcaaacttcctggttgtttctgcattct";"Chlorophyceae";"Chlorophyceae"
"HISEQ:290:CCU08ANXX:1:1103:17684:65165_CONS_SUB_SUB_CMP";"HISEQ:290:CCU08ANXX:1:1103:17684:65165_CONS_SUB_SUB_CMP";NA;NA;0,978494623656;"JQ039089";854;NA;NA;3043;"Dunaliellaceae";NA;"rcttagtcccggccatt";NA;NA;3044;"Dunaliella";"Alignement";NA;"True";1;NA;"alignment";"True";8;58;71;5;3042;"Chlamydomonadales";NA;"genus";"genus";NA;"ctaagtggwaaaggatgtg";NA;NA;"Dunaliella";"Dunaliella";NA;NA;0;0;NA;NA;NA;0;0;NA;NA;93;NA;NA;"[]";NA;"atcgg";"full";NA;3044;3044;"atcggcgcaagaacgctttaccagtgagctattacgcactctttcaaggaaattgctgcttctaagcaaacctcctggttgtttctgcaatat";"Chlorophyceae";"Chlorophyceae"
"HISEQ:290:CCU08ANXX:1:1112:6762:34365_CONS_SUB_SUB_CMP";"HISEQ:290:CCU08ANXX:1:1112:6762:34365_CONS_SUB_SUB_CMP";NA;NA;0,967032967033;"MG778173";32;NA;NA;3090;"Chlorococcaceae";NA;"rcttagtcccggccatt";NA;NA;44649;"Chlorococcum";"Alignement";NA;"True";1;NA;"alignment";"True";1;6;15;8;3042;"Chlamydomonadales";NA;"species";"species";NA;"ctaagtggwaaaggatgtg";76;NA;"Chlorococcum tatrense";"Chlorococcum tatrense";NA;NA;0;0;0;NA;NA;0;0;NA;NA;91;NA;915274;"['Chlorococcum tatrense']";"Chlorococcum tatrense";"gtcgg";"full";NA;915274;915274;"gtcggcgcaaaaacgctttaccagtgagctattacgcactctttcaagggttgctgcttctaagcgaacctcctggttgtttcagcattgt";"Chlorophyceae";"Chlorophyceae"
"HISEQ:290:CCU08ANXX:1:1201:17401:56283_CONS_SUB_SUB_CMP";"HISEQ:290:CCU08ANXX:1:1201:17401:56283_CONS_SUB_SUB_CMP";NA;NA;0,978260869565;"DQ396875";71;NA;"Chlo01_Orchamp";3086;"Scenedesmaceae";NA;"rcttagtcccggccatt";NA;NA;NA;NA;"Alignement";NA;"True";2;NA;"alignment";"True";1;15;16;0;35491;"Sphaeropleales";NA;"family";"family";NA;"ctaagtggwaaaggatgtg";NA;NA;"Scenedesmaceae";"Scenedesmaceae";NA;NA;0;0;NA;NA;NA;0;0;NA;NA;91;NA;NA;"['Hariotina sp. MMOGRB0030F']";NA;"gtcgg";"full";NA;3086;3086;"gtcggcgcaagaacgctttaccagtgagctattacgcactctctcaaggatagctgcttctaagcgaacctcctggttgtttcagcattct";"Chlorophyceae";"Chlorophyceae"
"HISEQ:290:CCU08ANXX:1:1214:10816:51015_CONS_SUB_SUB_CMP";"HISEQ:290:CCU08ANXX:1:1214:10816:51015_CONS_SUB_SUB_CMP";NA;NA;0,967032967033;"MG778296";7;NA;"Chlo01_Orchamp";1656249;"Dictyochloridaceae";NA;"rcttagtcccggccatt";68;NA;179862;"Dictyochloris";"Alignement";37;"True";1;NA;"alignment";"True";1;0;3;2;35491;"Sphaeropleales";NA;"species";"species";NA;"ctaagtggwaaaggatgtg";76;NA;"Dictyochloris fragrans";"Dictyochloris fragrans";NA;NA;0;0;0;NA;NA;0;0;NA;NA;91;NA;179863;"['Dictyochloris fragrans']";"Dictyochloris fragrans";"gtcgg";"full";NA;179863;179863;"gtcggcgcaagaacgctaaactagtgagctattacgcactctttgaagggtggctgcttctaagcaaacctcctagttgtttctgcatttt";"Chlorophyceae";"Chlorophyceae"
"HISEQ:290:CCU08ANXX:1:1101:8185:31729_CONS_SUB_SUB";"HISEQ:290:CCU08ANXX:1:1101:8185:31729_CONS_SUB_SUB";NA;NA;1;"MG778173";513;NA;NA;3090;"Chlorococcaceae";NA;"rcttagtcccggccatt";NA;NA;44649;"Chlorococcum";"Alignement";NA;"True";1;NA;"alignment";"True";2;0;7;5;3042;"Chlamydomonadales";NA;"species";"species";NA;"ctaagtggwaaaggatgtg";NA;NA;"Chlorococcum tatrense";"Chlorococcum tatrense";NA;NA;0;0;NA;NA;NA;0;0;NA;NA;91;NA;915274;"['Chlorococcum tatrense']";"Chlorococcum tatrense";"gtcgg";"full";NA;915274;915274;"gtcggcgcaaaaacgctttaccagtgagctattacgcactctttcaagggttgctgcttctaagcgaacctcctggttgtttgggcattct";"Chlorophyceae";"Chlorophyceae"
"HISEQ:290:CCU08ANXX:1:1101:5860:32012_CONS_SUB_SUB";"HISEQ:290:CCU08ANXX:1:1101:5860:32012_CONS_SUB_SUB";NA;NA;0,967741935484;"DQ396875";6180;NA;NA;3086;"Scenedesmaceae";NA;"rcttagtcccggccatt";NA;NA;NA;NA;"Alignement";NA;"True";2;NA;"alignment";"True";13;0;14;1;35491;"Sphaeropleales";NA;"family";"family";NA;"ctaagtggwaaaggatgtg";NA;NA;"Scenedesmaceae";"Scenedesmaceae";NA;NA;NA;NA;NA;NA;NA;0;0;NA;NA;92;NA;NA;"['Hariotina sp. MMOGRB0030F']";NA;"gtcgg";"full";NA;3086;3086;"gtcggcgcaagaacgctttaccagtgagctattacgcactctttcaaggattgctgcttctaagcgaacctcctggttgtttcagcattact";"Chlorophyceae";"Chlorophyceae"
"HISEQ:290:CCU08ANXX:1:1316:8693:14166_CONS_SUB_SUB_CMP";"HISEQ:290:CCU08ANXX:1:1316:8693:14166_CONS_SUB_SUB_CMP";NA;NA;0,978723404255;"KT199251";22;NA;"Chlo01_Orchamp";1656248;"Chromochloridaceae";NA;"rcttagtcccggccatt";68;NA;1399958;"Chromochloris";"Alignement";NA;"True";1;NA;"alignment";"True";1;7;9;1;35491;"Sphaeropleales";NA;"species";"species";NA;"ctaagtggwaaaggatgtg";76;NA;"Chromochloris zofingiensis";"Chromochloris zofingiensis";NA;NA;0;0;NA;NA;NA;0;0;0;NA;94;NA;31302;"['Chromochloris zofingiensis']";"Chromochloris zofingiensis";"ttcgg";"full";NA;31302;31302;"ttcggcgcaacaacgctttaccagtgagctattacgcactctttaaaggcagattgctgcttctaagcaaacctcctggttgtttcagcattct";"Chlorophyceae";"Chlorophyceae"
"HISEQ:290:CCU08ANXX:1:1104:8435:34435_CONS_SUB_SUB_CMP";"HISEQ:290:CCU08ANXX:1:1104:8435:34435_CONS_SUB_SUB_CMP";NA;NA;0,978723404255;"KT199251";357;NA;"Chlo01_Orchamp";NA;NA;NA;"rcttagtcccggccatt";NA;NA;NA;NA;"Alignement";NA;"True";2;NA;"alignment";"True";12;0;23;11;35491;"Sphaeropleales";NA;"order";"order";NA;"ctaagtggwaaaggatgtg";NA;NA;"Sphaeropleales";"Sphaeropleales";NA;NA;0;0;NA;NA;NA;0;0;NA;NA;94;NA;NA;"['Kirchneriella aperta', 'Chromochloris zofingiensis']";NA;"atcgg";"full";NA;35491;35491;"atcggcgcaagaacgctttaccagtgagctattacgcactctttaaaggcagattgctgcttctaagcaaacctcctggctgtttcagcattgt";"Chlorophyceae";"Chlorophyceae"
"HISEQ:290:CCU08ANXX:1:1101:15547:32417_CONS_SUB_SUB";"HISEQ:290:CCU08ANXX:1:1101:15547:32417_CONS_SUB_SUB";NA;NA;0,989130434783;"DQ396875";16341;NA;"Chlo01_Orchamp";3086;"Scenedesmaceae";NA;"rcttagtcccggccatt";NA;NA;NA;NA;"Alignement";NA;"True";1;NA;"alignment";"True";40;1;49;8;35491;"Sphaeropleales";NA;"family";"family";NA;"ctaagtggwaaaggatgtg";NA;NA;"Scenedesmaceae";"Scenedesmaceae";NA;NA;NA;NA;NA;NA;NA;NA;NA;NA;NA;91;NA;NA;"[]";NA;"gtcgg";"full";NA;3086;3086;"gtcggcgcaagaacgctttaccagtgagctattacgcactctttcaaggatagctgcttctaagcgaacctcctggttgtttcagcattct";"Chlorophyceae";"Chlorophyceae"
"HISEQ:290:CCU08ANXX:1:1101:4609:96459_CONS_SUB_SUB_CMP";"HISEQ:290:CCU08ANXX:1:1101:4609:96459_CONS_SUB_SUB_CMP";NA;NA;0,978260869565;"DQ396875";386;NA;NA;3086;"Scenedesmaceae";NA;"rcttagtcccggccatt";NA;NA;NA;NA;"Alignement";NA;"True";2;NA;"alignment";"True";1;38;40;1;35491;"Sphaeropleales";NA;"family";"family";NA;"ctaagtggwaaaggatgtg";NA;NA;"Scenedesmaceae";"Scenedesmaceae";NA;NA;0;0;NA;NA;NA;0;0;NA;NA;92;NA;NA;"['Hariotina sp. MMOGRB0030F']";NA;"gtcgg";"full";NA;3086;3086;"gtcggcgcaagaacgccttaccagtgagctattacgcactctttcaaggaattgctgcttctaagcgaacctcctggttgtttcagcattct";"Chlorophyceae";"Chlorophyceae"
"HISEQ:290:CCU08ANXX:1:1104:16239:79754_CONS_SUB_SUB";"HISEQ:290:CCU08ANXX:1:1104:16239:79754_CONS_SUB_SUB";NA;NA;1;"DQ396875";992;NA;NA;3086;"Scenedesmaceae";NA;"rcttagtcccggccatt";NA;NA;NA;NA;"Alignement";NA;"True";1;NA;"alignment";"True";4;20;25;1;35491;"Sphaeropleales";NA;"family";"family";NA;"ctaagtggwaaaggatgtg";NA;NA;"Scenedesmaceae";"Scenedesmaceae";NA;NA;0;0;NA;NA;NA;0;0;NA;NA;92;NA;NA;"[]";NA;"gtcgg";"full";NA;3086;3086;"gtcggcgcaagaacgctttaccagtgagctattacgcactctttcaaggaatagctgcttctaagcgaacctcctggttgtttcagcattct";"Chlorophyceae";"Chlorophyceae"
"HISEQ:290:CCU08ANXX:1:1310:1315:58395_CONS_SUB_SUB_CMP";"HISEQ:290:CCU08ANXX:1:1310:1315:58395_CONS_SUB_SUB_CMP";NA;NA;0,967391304348;"MG778173";21;NA;NA;3090;"Chlorococcaceae";NA;"rcttagtcccggccatt";68;NA;44649;"Chlorococcum";"Alignement";NA;"True";1;NA;"alignment";"True";1;1;3;1;3042;"Chlamydomonadales";NA;"species";"species";NA;"ctaagtggwaaaggatgtg";76;NA;"Chlorococcum tatrense";"Chlorococcum tatrense";NA;NA;0;0;NA;NA;NA;0;0;NA;NA;92;NA;915274;"['Chlorococcum tatrense']";"Chlorococcum tatrense";"gtcgg";"full";NA;915274;915274;"gtcggcgcaaaaacgctttaccagtgagctattacgcactctttcaagggttgctgcttctaagcgaacctcctggttgtttcagcattact";"Chlorophyceae";"Chlorophyceae"
"HISEQ:290:CCU08ANXX:1:1305:6421:81737_CONS_SUB_SUB";"HISEQ:290:CCU08ANXX:1:1305:6421:81737_CONS_SUB_SUB";NA;NA;1;"L44123";111;NA;"Chlo01_Orchamp";3090;"Chlorococcaceae";NA;"rcttagtcccggccatt";NA;NA;44649;"Chlorococcum";"Alignement";NA;"True";1;NA;"alignment";"True";1;0;3;2;3042;"Chlamydomonadales";NA;"species";"species";NA;"ctaagtggwaaaggatgtg";NA;NA;"Chlorococcum echinozygotum";"Chlorococcum echinozygotum";NA;NA;0;0;NA;NA;NA;0;0;NA;NA;91;NA;48000;"['Chlorococcum echinozygotum']";"Chlorococcum echinozygotum";"ttcgg";"full";NA;48000;48000;"ttcggcgcaacaacgctttaccagtgagctattacgcactctttcaatagtagctgcttctaagcgaatattctggttgttttagcatcat";"Chlorophyceae";"Chlorophyceae"
"HISEQ:290:CCU08ANXX:1:1102:8347:78948_CONS_SUB_SUB";"HISEQ:290:CCU08ANXX:1:1102:8347:78948_CONS_SUB_SUB";NA;NA;1;"MG778296";1045;NA;NA;1656249;"Dictyochloridaceae";NA;"rcttagtcccggccatt";NA;NA;179862;"Dictyochloris";"Alignement";NA;"True";1;NA;"alignment";"True";8;5;13;0;35491;"Sphaeropleales";NA;"species";"species";NA;"ctaagtggwaaaggatgtg";NA;NA;"Dictyochloris fragrans";"Dictyochloris fragrans";NA;NA;0;0;NA;NA;NA;0;0;NA;NA;91;NA;179863;"['Dictyochloris fragrans']";"Dictyochloris fragrans";"gtcgg";"full";NA;179863;179863;"gtcggcgcaagaacgctaaactagtgagctattacgcactctttgaaggatggctgcttctaagcaaacctcctagttgtttcagcattct";"Chlorophyceae";"Chlorophyceae"
"HISEQ:290:CCU08ANXX:1:1112:16130:44742_CONS_SUB_SUB_CMP";"HISEQ:290:CCU08ANXX:1:1112:16130:44742_CONS_SUB_SUB_CMP";NA;NA;0,967391304348;"DQ396875";58;NA;"Chlo01_Orchamp";3086;"Scenedesmaceae";NA;"rcttagtcccggccatt";NA;NA;NA;NA;"Alignement";NA;"True";2;NA;"alignment";"True";1;10;21;10;35491;"Sphaeropleales";NA;"family";"family";NA;"ctaagtggwaaaggatgtg";NA;NA;"Scenedesmaceae";"Scenedesmaceae";NA;NA;0;0;NA;NA;NA;0;0;NA;NA;91;NA;NA;"['Hariotina sp. MMOGRB0030F']";NA;"gtcgg";"full";NA;3086;3086;"gtcggcgcaagaacgctttaccagtgagctattacgcactctttcaaggatagctgcttctaagcgaacctcctggctgtttcagcattgt";"Chlorophyceae";"Chlorophyceae"
"HISEQ:290:CCU08ANXX:1:1101:17151:35095_CONS_SUB_SUB_CMP";"HISEQ:290:CCU08ANXX:1:1101:17151:35095_CONS_SUB_SUB_CMP";NA;NA;0,989010989011;"MG778296";8712;NA;NA;1656249;"Dictyochloridaceae";NA;"rcttagtcccggccatt";NA;NA;179862;"Dictyochloris";"Alignement";NA;"True";1;NA;"alignment";"True";41;1;47;5;35491;"Sphaeropleales";NA;"species";"species";NA;"ctaagtggwaaaggatgtg";NA;NA;"Dictyochloris fragrans";"Dictyochloris fragrans";NA;NA;0;0;NA;NA;NA;0;0;NA;NA;91;NA;179863;"['Dictyochloris fragrans']";"Dictyochloris fragrans";"gtcgg";"full";NA;179863;179863;"gtcggcgcaagaacgctaaactagtgagctattacgcactctttgaagggtggctgcttctaagcaaacctcctagttgtttcagcattct";"Chlorophyceae";"Chlorophyceae"
"HISEQ:290:CCU08ANXX:1:1105:1414:97992_CONS_SUB_SUB";"HISEQ:290:CCU08ANXX:1:1105:1414:97992_CONS_SUB_SUB";NA;NA;0,967391304348;"DQ396875";1274;NA;"Chlo01_Orchamp";3086;"Scenedesmaceae";NA;"rcttagtcccggccatt";NA;NA;NA;NA;"Alignement";NA;"True";2;NA;"alignment";"True";1;0;2;1;35491;"Sphaeropleales";NA;"family";"family";NA;"ctaagtggwaaaggatgtg";NA;"acacacac";"Scenedesmaceae";"Scenedesmaceae";NA;NA;0;0;NA;NA;NA;0;NA;NA;NA;92;NA;NA;"['Hariotina sp. MMOGRB0030F']";NA;"gtcgg";"full";NA;3086;3086;"gtcggcgcaagaacgctttaccagtgagctattacgcactctttcaaggaattgctgtttctaagcgaaccttctggttgtttcagcattct";"Chlorophyceae";"Chlorophyceae"
"HISEQ:290:CCU08ANXX:1:2313:19700:34685_CONS_SUB_SUB";"HISEQ:290:CCU08ANXX:1:2313:19700:34685_CONS_SUB_SUB";NA;NA;1;"KT625414";82;NA;"Chlo02_Orchamp";NA;NA;NA;"rcttagtcccggccatt";NA;"tactatac";1072081;"Jenufa";"Alignement";NA;"True";1;NA;"alignment";"True";1;0;1;0;NA;NA;"09_04F";"species";"species";NA;"ctaagtggwaaaggatgtg";NA;"atatagcg";"Jenufa minuta";"Jenufa minuta";NA;NA;0;0;NA;NA;NA;0;0;NA;NA;92;NA;993092;"['Jenufa minuta']";"Jenufa minuta";"attgg";"full";NA;993092;993092;"attggcgcaaaaacgcttgaccagtgagctattacgcactctttgaaggggttgctgcttctaagcaaacctcctggttgtttctgcattct";"Chlorophyceae";"Chlorophyceae"
"HISEQ:290:CCU08ANXX:1:1103:3115:92899_CONS_SUB_SUB_CMP";"HISEQ:290:CCU08ANXX:1:1103:3115:92899_CONS_SUB_SUB_CMP";NA;NA;0,967741935484;"JQ039089";25;NA;NA;3043;"Dunaliellaceae";NA;"rcttagtcccggccatt";NA;NA;3044;"Dunaliella";"Alignement";NA;"True";1;NA;"alignment";"True";1;7;16;8;3042;"Chlamydomonadales";NA;"genus";"genus";NA;"ctaagtggwaaaggatgtg";NA;NA;"Dunaliella";"Dunaliella";NA;NA;0;0;NA;NA;NA;0;0;0;NA;92;NA;NA;"[]";NA;"gtcgg";"full";NA;3044;3044;"gtcggcgcaagaacgctttaccagtgagctattacgcactctttcaaggaattgctgcttctaagcaaacctcctggttgtttctgcattct";"Chlorophyceae";"Chlorophyceae"
"HISEQ:290:CCU08ANXX:1:1102:3709:10733_CONS_SUB_SUB_CMP";"HISEQ:290:CCU08ANXX:1:1102:3709:10733_CONS_SUB_SUB_CMP";NA;NA;0,978260869565;"KT625164";156;NA;NA;3051;"Chlamydomonadaceae";NA;"rcttagtcccggccatt";NA;NA;NA;NA;"Alignement";NA;"True";1;NA;"alignment";"True";5;16;30;9;3042;"Chlamydomonadales";NA;"family";"family";NA;"ctaagtggwaaaggatgtg";NA;NA;"Chlamydomonadaceae";"Chlamydomonadaceae";NA;NA;0;0;NA;NA;NA;0;0;NA;NA;91;NA;NA;"[]";NA;"gtcgg";"full";NA;3051;3051;"gtcggcgcaagaacgctttaccagtgagctattacgcactctttgaagggtggctgcttctaagcaaacctcctggttgtttctgcatttt";"Chlorophyceae";"Chlorophyceae"
"HISEQ:290:CCU08ANXX:1:1106:16968:90625_CONS_SUB_SUB_CMP";"HISEQ:290:CCU08ANXX:1:1106:16968:90625_CONS_SUB_SUB_CMP";NA;NA;0,978021978022;"KT624938";500;NA;"Chlo01_Orchamp";3051;"Chlamydomonadaceae";NA;"rcttagtcccggccatt";NA;NA;3052;"Chlamydomonas";"Alignement";NA;"True";2;NA;"alignment";"True";4;0;4;0;3042;"Chlamydomonadales";NA;"genus";"genus";NA;"ctaagtggwaaaggatgtg";NA;NA;"Chlamydomonas";"Chlamydomonas";NA;NA;0;0;NA;NA;NA;0;0;NA;NA;91;NA;NA;"['Chlamydomonas komma', 'Chlamydomonas peterfii']";NA;"gtcgg";"full";NA;3052;3052;"gtcggcgcaagaacgctttaccagtgagctattacgcactctttcaaaggtagctgcttctaagcgaacttcctggttgtttcagcattct";"Chlorophyceae";"Chlorophyceae"
"HISEQ:290:CCU08ANXX:1:1105:9124:7763_CONS_SUB_SUB";"HISEQ:290:CCU08ANXX:1:1105:9124:7763_CONS_SUB_SUB";NA;NA;0,989130434783;"DQ396875";128;NA;NA;3086;"Scenedesmaceae";NA;"rcttagtcccggccatt";NA;NA;NA;NA;"Alignement";NA;"True";2;NA;"alignment";"True";1;1;2;0;35491;"Sphaeropleales";NA;"family";"family";NA;"ctaagtggwaaaggatgtg";NA;NA;"Scenedesmaceae";"Scenedesmaceae";NA;NA;0;0;NA;NA;NA;0;0;NA;NA;92;NA;NA;"['Hariotina sp. MMOGRB0030F']";NA;"gtcgg";"full";NA;3086;3086;"gtcggcgcaagaacgctttaccagtgagctattacgcactctttcaaggtatagctgcttctaagcgaacctcctggttgtttcagcattct";"Chlorophyceae";"Chlorophyceae"
"HISEQ:290:CCU08ANXX:1:1108:7764:11192_CONS_SUB_SUB_CMP";"HISEQ:290:CCU08ANXX:1:1108:7764:11192_CONS_SUB_SUB_CMP";NA;NA;0,967032967033;"Z15152";194;NA;NA;3051;"Chlamydomonadaceae";NA;"rcttagtcccggccatt";NA;NA;3052;"Chlamydomonas";"Alignement";NA;"True";1;NA;"alignment";"True";8;0;15;7;3042;"Chlamydomonadales";NA;"species";"species";NA;"ctaagtggwaaaggatgtg";NA;NA;"Chlamydomonas pitschmannii";"Chlamydomonas pitschmannii";NA;NA;0;0;NA;NA;NA;0;0;NA;NA;91;NA;3061;"['Chlamydomonas pitschmannii']";"Chlamydomonas pitschmannii";"ttcgg";"full";NA;3061;3061;"ttcggcgcaacaacgctctaccagtgagctattacgcactctttaaagggtggctgcttctaagcaaacctcctggttgttttagcatcat";"Chlorophyceae";"Chlorophyceae"
"HISEQ:290:CCU08ANXX:1:1210:6171:65405_CONS_SUB_SUB_CMP";"HISEQ:290:CCU08ANXX:1:1210:6171:65405_CONS_SUB_SUB_CMP";NA;NA;0,967391304348;"DQ396875";79;NA;"Chlo01_Orchamp";3086;"Scenedesmaceae";NA;"rcttagtcccggccatt";NA;NA;NA;NA;"Alignement";NA;"True";2;NA;"alignment";"True";1;1;2;0;35491;"Sphaeropleales";NA;"family";"family";NA;"ctaagtggwaaaggatgtg";NA;"agactatg";"Scenedesmaceae";"Scenedesmaceae";NA;NA;0;0;NA;NA;NA;0;0;NA;NA;91;NA;NA;"['Hariotina sp. MMOGRB0030F']";NA;"gtcgg";"full";NA;3086;3086;"gtcggcgcaagaacgctttaccagtgagctattacgcactcttttaaggatagctgcttctatgcgaacctcctggttgtttcagcattct";"Chlorophyceae";"Chlorophyceae"
"HISEQ:290:CCU08ANXX:1:1110:4123:45083_CONS_SUB_SUB";"HISEQ:290:CCU08ANXX:1:1110:4123:45083_CONS_SUB_SUB";NA;NA;0,978260869565;"DQ396875";368;NA;"Chlo01_Orchamp";3086;"Scenedesmaceae";NA;"rcttagtcccggccatt";NA;NA;NA;NA;"Alignement";NA;"True";2;NA;"alignment";"True";2;19;22;1;35491;"Sphaeropleales";NA;"family";"family";NA;"ctaagtggwaaaggatgtg";NA;NA;"Scenedesmaceae";"Scenedesmaceae";NA;NA;0;0;NA;NA;NA;0;0;NA;NA;91;NA;NA;"['Hariotina sp. MMOGRB0030F']";NA;"gtcgg";"full";NA;3086;3086;"gtcggcgcaagaacgctttaccagtgagctattacgcactctttcaagggtagctgcttctaagcgaacctcctggttgtttcagcattct";"Chlorophyceae";"Chlorophyceae"
"HISEQ:290:CCU08ANXX:1:1101:1201:13660_CONS_SUB_SUB";"HISEQ:290:CCU08ANXX:1:1101:1201:13660_CONS_SUB_SUB";NA;NA;0,967741935484;"JQ039089";13936;NA;NA;3043;"Dunaliellaceae";NA;"rcttagtcccggccatt";NA;NA;3044;"Dunaliella";"Alignement";NA;"True";1;NA;"alignment";"True";71;0;74;3;3042;"Chlamydomonadales";NA;"genus";"genus";NA;"ctaagtggwaaaggatgtg";NA;NA;"Dunaliella";"Dunaliella";NA;NA;NA;0;NA;NA;NA;0;NA;NA;NA;93;NA;NA;"[]";NA;"atcgg";"full";NA;3044;3044;"atcggcgcaagaacgctttaccagtgagctattacgcactctttcaaggaaattgctgcttctaagcaaacctcctggttgtttcagcaatat";"Chlorophyceae";"Chlorophyceae"
"HISEQ:290:CCU08ANXX:1:1101:6001:2992_CONS_SUB_SUB_CMP";"HISEQ:290:CCU08ANXX:1:1101:6001:2992_CONS_SUB_SUB_CMP";NA;NA;0,935483870968;"MF276976";3983;NA;"Chlo01_Orchamp";NA;NA;NA;"rcttagtcccggccatt";NA;"actagatc";NA;NA;"Alignement";NA;"True";8;NA;"alignment";"True";1;0;3;2;35491;"Sphaeropleales";NA;"order";"order";NA;"ctaagtggwaaaggatgtg";NA;NA;"Sphaeropleales";"Sphaeropleales";NA;NA;NA;NA;NA;NA;NA;0;0;NA;NA;91;NA;NA;"['Pediastrum duplex', 'Hydrodictyon reticulatum', 'Pseudopediastrum sp. CL0201VA', 'Stauridium tetras', 'Pediastrum angulosum', 'Neochloris aquatica']";NA;"gtcgg";"full";NA;35491;35491;"gtcggcgcaaaaacgctttaccagtgagctattacgcactctttaaataacagctgcctctaagcaaatatcctggttgtttcagcattct";"Chlorophyceae";"Chlorophyceae"
"HISEQ:290:CCU08ANXX:1:1101:9155:44130_CONS_SUB_SUB_CMP";"HISEQ:290:CCU08ANXX:1:1101:9155:44130_CONS_SUB_SUB_CMP";NA;NA;0,967032967033;"MF276985";4811;NA;NA;NA;NA;NA;"rcttagtcccggccatt";NA;NA;NA;NA;"Alignement";NA;"True";8;NA;"alignment";"True";19;10;34;5;35491;"Sphaeropleales";NA;"order";"order";NA;"ctaagtggwaaaggatgtg";NA;NA;"Sphaeropleales";"Sphaeropleales";NA;NA;0;0;NA;NA;NA;NA;0;NA;NA;91;NA;NA;"['Pediastrum duplex', 'Neochloris aquatica', 'Pseudopediastrum sp. CL0201VA', 'Stauridium tetras']";NA;"gtcgg";"full";NA;35491;35491;"gtcggcgcaagaacgctttaccagtgagctattacgcactctttaaaagatggctgcttctaagcaaacttcctggttgtttctgcattct";"Chlorophyceae";"Chlorophyceae"
"HISEQ:290:CCU08ANXX:1:1102:3978:19535_CONS_SUB_SUB";"HISEQ:290:CCU08ANXX:1:1102:3978:19535_CONS_SUB_SUB";NA;NA;0,967032967033;"LC229074";1549;NA;NA;3051;"Chlamydomonadaceae";NA;"rcttagtcccggccatt";NA;NA;3052;"Chlamydomonas";"Alignement";NA;"True";1;NA;"alignment";"True";12;0;13;1;3042;"Chlamydomonadales";NA;"species";"species";NA;"ctaagtggwaaaggatgtg";NA;NA;"Chlamydomonas eustigma";"Chlamydomonas eustigma";NA;NA;0;0;NA;NA;NA;0;0;NA;NA;91;NA;1157962;"['Chlamydomonas eustigma']";"Chlamydomonas eustigma";"gtcgg";"full";NA;1157962;1157962;"gtcggcgcaacatcgctttaccagtgagctattacgcactcttttaagggtggctgcttctaagcaaacctcctggttgtttcagcaacgt";"Chlorophyceae";"Chlorophyceae"
"HISEQ:290:CCU08ANXX:1:1101:18321:4093_CONS_SUB_SUB";"HISEQ:290:CCU08ANXX:1:1101:18321:4093_CONS_SUB_SUB";NA;NA;1;"KT625011";23548;NA;NA;NA;NA;NA;"rcttagtcccggccatt";NA;NA;NA;NA;"Alignement";NA;"True";1;NA;"alignment";"True";83;42;142;17;3042;"Chlamydomonadales";NA;"order";"order";NA;"ctaagtggwaaaggatgtg";NA;NA;"Chlamydomonadales";"Chlamydomonadales";NA;NA;0;0;NA;NA;NA;NA;NA;NA;NA;91;NA;NA;"[]";NA;"gtcgg";"full";NA;3042;3042;"gtcggcgcaagaacgctttaccagtgagctattacgcactctttcaagggtggctgcttctaagcaaacctcctggttgtttcagcattct";"Chlorophyceae";"Chlorophyceae"
"HISEQ:290:CCU08ANXX:1:1214:14414:83264_CONS_SUB_SUB_CMP";"HISEQ:290:CCU08ANXX:1:1214:14414:83264_CONS_SUB_SUB_CMP";NA;NA;0,989361702128;"KT625419";280;NA;"Chlo01_Orchamp";NA;NA;NA;"rcttagtcccggccatt";NA;"actagatc";47780;"Carteria";"Alignement";NA;"True";2;NA;"alignment";"True";1;0;1;0;NA;NA;"09_02G";"genus";"genus";NA;"ctaagtggwaaaggatgtg";NA;"tcagtgtc";"Carteria";"Carteria";NA;NA;0;0;NA;NA;NA;0;0;NA;NA;94;NA;NA;"['Carteria radiosa']";NA;"gtcgg";"full";NA;47780;47780;"gtcggcgcaagaacgctttaccagtgagctattacgcactctttcaaggaagatagctgcttctaagcgaacctcctggttgtttaagcattct";"Chlorophyceae";"Chlorophyceae"
"HISEQ:290:CCU08ANXX:1:1101:18444:4338_CONS_SUB_SUB_CMP";"HISEQ:290:CCU08ANXX:1:1101:18444:4338_CONS_SUB_SUB_CMP";NA;NA;0,95652173913;"MF276985";4556;NA;NA;3103;"Hydrodictyaceae";NA;"rcttagtcccggccatt";NA;NA;NA;NA;"Alignement";NA;"True";3;NA;"alignment";"True";11;17;30;2;35491;"Sphaeropleales";NA;"family";"family";NA;"ctaagtggwaaaggatgtg";NA;NA;"Hydrodictyaceae";"Hydrodictyaceae";NA;NA;NA;0;NA;NA;NA;0;0;NA;NA;91;NA;NA;"['Pediastrum duplex', 'Pseudopediastrum sp. CL0201VA']";NA;"gtcgg";"full";NA;3103;3103;"gtcggcgcaagaacgctttaccagtgagctattacgcactctttaaaagttggctgcttctaagcaaacttcctggttgtttctgcattct";"Chlorophyceae";"Chlorophyceae"
"HISEQ:290:CCU08ANXX:1:1106:9416:26018_CONS_SUB_SUB";"HISEQ:290:CCU08ANXX:1:1106:9416:26018_CONS_SUB_SUB";NA;NA;0,957894736842;"DQ396875";15;NA;"Chlo01_Orchamp";3086;"Scenedesmaceae";NA;"rcttagtcccggccatt";68;"agcacagt";NA;NA;"Alignement";NA;"True";2;NA;"alignment";"True";1;0;1;0;35491;"Sphaeropleales";"04_02G";"family";"family";NA;"ctaagtggwaaaggatgtg";NA;"acagcaca";"Scenedesmaceae";"Scenedesmaceae";NA;NA;0;0;NA;NA;NA;0;0;0;NA;95;NA;NA;"['Hariotina sp. MMOGRB0030F']";NA;"gtcgg";"full";NA;3086;3086;"gtcggcgcaagaacgctttaccagtgagctattacgcactctttcaaggatatttagctgcttctaagcgaacctcctggttgtttctgcattct";"Chlorophyceae";"Chlorophyceae"
"HISEQ:290:CCU08ANXX:1:1101:14181:9987_CONS_SUB_SUB_CMP";"HISEQ:290:CCU08ANXX:1:1101:14181:9987_CONS_SUB_SUB_CMP";NA;NA;0,956043956044;"MH590838";4663;NA;NA;3051;"Chlamydomonadaceae";NA;"rcttagtcccggccatt";NA;NA;3052;"Chlamydomonas";"Alignement";NA;"True";2;NA;"alignment";"True";68;0;71;3;3042;"Chlamydomonadales";NA;"genus";"genus";NA;"ctaagtggwaaaggatgtg";NA;NA;"Chlamydomonas";"Chlamydomonas";NA;NA;NA;NA;NA;NA;NA;NA;0;NA;NA;91;NA;NA;"['Chlamydomonas sp. UWO 241', 'Chlamydomonas eustigma']";NA;"ttcgg";"full";NA;3052;3052;"ttcggcgcaacatcgctttaccagtgagctattacgcactctttcaagggtagctgcttctaagcgaacctcctggttgtttctgcactct";"Chlorophyceae";"Chlorophyceae"
"HISEQ:290:CCU08ANXX:1:1102:5441:56840_CONS_SUB_SUB_CMP";"HISEQ:290:CCU08ANXX:1:1102:5441:56840_CONS_SUB_SUB_CMP";NA;NA;0,989010989011;"MG778185";1574;NA;"Chlo01_Orchamp";NA;NA;NA;"rcttagtcccggccatt";NA;NA;138174;"Chlorosarcinopsis";"Alignement";NA;"True";1;NA;"alignment";"True";7;0;9;2;138177;"Chlorosarcinales";NA;"species";"species";NA;"ctaagtggwaaaggatgtg";NA;NA;"Chlorosarcinopsis eremi";"Chlorosarcinopsis eremi";NA;NA;0;0;NA;NA;NA;NA;0;NA;NA;91;NA;332213;"['Chlorosarcinopsis eremi']";"Chlorosarcinopsis eremi";"atcgg";"full";NA;332213;332213;"atcggcgcaaaaacgctttaccagtgagctattacgcactctttcaagggtggctgcttctaagccaacctcctggttgtttcagcattct";"Chlorophyceae";"Chlorophyceae"
"HISEQ:290:CCU08ANXX:1:1101:8091:4992_CONS_SUB_SUB";"HISEQ:290:CCU08ANXX:1:1101:8091:4992_CONS_SUB_SUB";NA;NA;0,989130434783;"DQ396875";46987;NA;NA;3086;"Scenedesmaceae";NA;"rcttagtcccggccatt";NA;NA;NA;NA;"Alignement";NA;"True";1;NA;"alignment";"True";91;0;121;30;35491;"Sphaeropleales";NA;"family";"family";NA;"ctaagtggwaaaggatgtg";NA;NA;"Scenedesmaceae";"Scenedesmaceae";NA;NA;NA;NA;NA;NA;NA;NA;NA;NA;NA;92;NA;NA;"[]";NA;"gtcgg";"full";NA;3086;3086;"gtcggcgcaagaacgctttaccagtgagctattacgcactctttcaaggaattgctgcttctaagcgaacctcctggttgtttcagcattct";"Chlorophyceae";"Chlorophyceae"
"HISEQ:290:CCU08ANXX:1:1110:17320:55796_CONS_SUB_SUB_CMP";"HISEQ:290:CCU08ANXX:1:1110:17320:55796_CONS_SUB_SUB_CMP";NA;NA;0,967391304348;"DQ396875";115;NA;NA;3086;"Scenedesmaceae";NA;"rcttagtcccggccatt";NA;NA;NA;NA;"Alignement";NA;"True";2;NA;"alignment";"True";3;9;38;26;35491;"Sphaeropleales";NA;"family";"family";NA;"ctaagtggwaaaggatgtg";NA;NA;"Scenedesmaceae";"Scenedesmaceae";NA;NA;0;0;NA;NA;NA;0;0;NA;NA;92;NA;NA;"['Hariotina sp. MMOGRB0030F']";NA;"gtcgg";"full";NA;3086;3086;"gtcggcgcaagaacgctttaccagtgagctattacgcactctttcaaggaattgctgcttctaagcgaacctcctggctgtttcagcattgt";"Chlorophyceae";"Chlorophyceae"
"HISEQ:290:CCU08ANXX:1:1112:10640:90641_CONS_SUB_SUB_CMP";"HISEQ:290:CCU08ANXX:1:1112:10640:90641_CONS_SUB_SUB_CMP";NA;NA;0,978260869565;"KT625111";78;NA;NA;204989;"Golenkiniaceae";NA;"rcttagtcccggccatt";NA;NA;204990;"Golenkinia";"Alignement";NA;"True";1;NA;"alignment";"True";4;9;20;7;3042;"Chlamydomonadales";NA;"species";"species";NA;"ctaagtggwaaaggatgtg";NA;NA;"Golenkinia longispicula";"Golenkinia longispicula";NA;NA;0;0;NA;NA;NA;0;0;NA;NA;91;NA;204992;"['Golenkinia longispicula']";"Golenkinia longispicula";"gtcgg";"full";NA;204992;204992;"gtcggcgcaaaaacgctttaccagtgagctattacgcactctttcaagggttgctgcttctaagcaaacctcctggttgtttcagcattct";"Chlorophyceae";"Chlorophyceae"
"HISEQ:290:CCU08ANXX:1:1101:14777:66031_CONS_SUB_SUB_CMP";"HISEQ:290:CCU08ANXX:1:1101:14777:66031_CONS_SUB_SUB_CMP";NA;NA;0,978494623656;"JQ039089";4681;NA;NA;3043;"Dunaliellaceae";NA;"rcttagtcccggccatt";NA;NA;3044;"Dunaliella";"Alignement";NA;"True";1;NA;"alignment";"True";69;0;81;12;3042;"Chlamydomonadales";NA;"genus";"genus";NA;"ctaagtggwaaaggatgtg";NA;NA;"Dunaliella";"Dunaliella";NA;NA;NA;NA;NA;NA;NA;0;0;NA;NA;91;NA;NA;"[]";NA;"atcgg";"full";NA;3044;3044;"atcggcgcaagaacgctttaccagtgagctattacgcactctttcaaggaaattgctgcttctaagcaaacctcctggttgtttctgcact";"Chlorophyceae";"Chlorophyceae"
"HISEQ:290:CCU08ANXX:1:1304:15460:79481_CONS_SUB_SUB_CMP";"HISEQ:290:CCU08ANXX:1:1304:15460:79481_CONS_SUB_SUB_CMP";NA;NA;0,968421052632;"KT199251";39;NA;"Chlo01_Orchamp";1656248;"Chromochloridaceae";NA;"rcttagtcccggccatt";NA;NA;1399958;"Chromochloris";"Alignement";NA;"True";1;NA;"alignment";"True";1;0;4;3;35491;"Sphaeropleales";NA;"species";"species";NA;"ctaagtggwaaaggatgtg";76;NA;"Chromochloris zofingiensis";"Chromochloris zofingiensis";NA;NA;0;0;NA;NA;NA;0;0;NA;NA;94;NA;31302;"['Chromochloris zofingiensis']";"Chromochloris zofingiensis";"atcgg";"full";NA;31302;31302;"atcggcgcaagaacgctttaccagtgagctattacgcactctttaaaggcagattgctgcttctaagcaaacctcctggttgttttagcatcat";"Chlorophyceae";"Chlorophyceae"
"HISEQ:290:CCU08ANXX:1:1101:17784:6116_CONS_SUB_SUB";"HISEQ:290:CCU08ANXX:1:1101:17784:6116_CONS_SUB_SUB";NA;NA;0,978021978022;"Z15152";7576;NA;NA;3051;"Chlamydomonadaceae";NA;"rcttagtcccggccatt";NA;NA;3052;"Chlamydomonas";"Alignement";NA;"True";1;NA;"alignment";"True";19;0;21;2;3042;"Chlamydomonadales";NA;"species";"species";NA;"ctaagtggwaaaggatgtg";NA;NA;"Chlamydomonas pitschmannii";"Chlamydomonas pitschmannii";NA;NA;NA;0;NA;NA;NA;0;0;NA;NA;91;NA;3061;"['Chlamydomonas pitschmannii']";"Chlamydomonas pitschmannii";"gtcgg";"full";NA;3061;3061;"gtcggcgcaacaacgctttaccagtgagctattacgcactctttcaagggtggctgcttctaagcaaacctcctggttgttttagcatcat";"Chlorophyceae";"Chlorophyceae"
"HISEQ:290:CCU08ANXX:1:1312:1562:87495_CONS_SUB_SUB";"HISEQ:290:CCU08ANXX:1:1312:1562:87495_CONS_SUB_SUB";101;NA;0,967741935484;"DQ396875";8;NA;"Chlo01_Orchamp";3086;"Scenedesmaceae";NA;"rcttagtcccggccatt";68;NA;NA;NA;"Alignement";NA;"True";2;NA;"alignment";"True";1;0;2;1;35491;"Sphaeropleales";NA;"family";"family";NA;"ctaagtggwaaaggatgtg";76;NA;"Scenedesmaceae";"Scenedesmaceae";NA;NA;0;0;0;24;101;0;0;0;24;92;149;NA;"['Hariotina sp. MMOGRB0030F']";NA;"gtcgg";"full";NA;3086;3086;"gtcggcgcaagaacgctttaccagtgagctattacgcactctttcaaggaattgctgcttctaagcgaacctcctggttgtttcagcatctt";"Chlorophyceae";"Chlorophyceae"
"HISEQ:290:CCU08ANXX:1:1101:9334:53464_CONS_SUB_SUB_CMP";"HISEQ:290:CCU08ANXX:1:1101:9334:53464_CONS_SUB_SUB_CMP";NA;NA;0,978260869565;"DQ396875";4509;NA;"Chlo01_Orchamp";3086;"Scenedesmaceae";NA;"rcttagtcccggccatt";NA;NA;NA;NA;"Alignement";NA;"True";2;NA;"alignment";"True";10;3;15;2;35491;"Sphaeropleales";NA;"family";"family";NA;"ctaagtggwaaaggatgtg";NA;NA;"Scenedesmaceae";"Scenedesmaceae";NA;NA;0;0;NA;NA;NA;NA;NA;NA;NA;91;NA;NA;"['Hariotina sp. MMOGRB0030F']";NA;"gtcgg";"full";NA;3086;3086;"gtcggcgcaagaacgctttaccagtgagctattacgcactctttcaaggatagctgcttctatgcgaacctcctggttgtttcagcattct";"Chlorophyceae";"Chlorophyceae"
"HISEQ:290:CCU08ANXX:1:1216:6529:76401_CONS_SUB_SUB";"HISEQ:290:CCU08ANXX:1:1216:6529:76401_CONS_SUB_SUB";NA;NA;0,967032967033;"Z15152";87;NA;NA;3051;"Chlamydomonadaceae";NA;"rcttagtcccggccatt";NA;NA;3052;"Chlamydomonas";"Alignement";NA;"True";1;NA;"alignment";"True";1;2;3;0;3042;"Chlamydomonadales";NA;"species";"species";NA;"ctaagtggwaaaggatgtg";NA;NA;"Chlamydomonas pitschmannii";"Chlamydomonas pitschmannii";NA;NA;0;0;NA;NA;NA;0;0;NA;NA;91;NA;3061;"['Chlamydomonas pitschmannii']";"Chlamydomonas pitschmannii";"gtcgg";"full";NA;3061;3061;"gtcggcgcaacaacgttttaccagtgagctattacgcactctttcaagggtggctgcttctaagcaaacctcctggttgttttagcatcat";"Chlorophyceae";"Chlorophyceae"
